data_id,postcode,name,address
ABBOTSFORD,2000,Fisher Lane Mobility Abbotsford (2 km),"26 Victoria Crescent
Abbotsford VIC 3067"
HOPPERS,2000,Fisher Lane Mobility Hoppers Crossing (22 km),"11 Desire Place
Hoppers Crossing VIC 3029"
SUNBURY,2000,Country Care Group Sunbury (33 km),"Unit 2, 57-59 Horne Street
Sunbury VIC 3429"
10144,3000,Independent Living Specialists - Randwick (5 km),"204 Alison Road
Randwick NSW 2031"
10050,3000,Compression Stockings (6 km),"PO Box 7567
Bondi beach NSW 2026"
10139,3000,Independent Living Specialists - Lane Cove (8 km),"Unit 1/12 Mars Road
Lane Cove NSW 2066"
10089,3000,Specialised Wheelchair Company Chatswood (9 km),"Unit 1 /33-35 Lower Gibbes St
Chatswood NSW 2067"
10138,3000,Independent Living Specialists - Kogarah (12 km),"Shop 1/2 Belgrave Street
Kogarah NSW 2217"
10132,3000,Independent Living Specialists - Dee Why (14 km),"Shop 1, 27-33 Oaks Avenue
Dee Why NSW 2099"
10124,3000,Independent Living Specialists - Bankstown (17 km),"242 Chapel Road
Bankstown NSW 2200"
10019,3000,Astley Mobility Pennant Hills (19 km),"Cnr Pennant Hills Rd & Fisher Ave
Pennant Hills NSW 2120"
10127,3000,Independent Living Specialists - Caringbah (20 km),"332 Kingsway
Caringbah NSW 2229"
10170,3000,Independent Living Specialists - Hornsby (21 km),"Shop 4, 155 Peats Ferry Road
HORNSBY NSW 2077"
10199,3000,Karis Life (21 km),"Shop 1 & 2, 73 Jersey Street North
HORNSBY NSW 2077"
10149,3000,Independent Living Specialists - Warwick Farm Factory Outlet  (25 km),"Shops 26-27/1 Sappho Road
Warwick Farm NSW 2170"
10128,3000,Independent Living Specialists - Castle Hill (25 km),"30/9 Hoyle Avenue
Castle Hill NSW 2154"
10024,3000,Hospital at Home Moorebank (26 km),"1/30 Heathcote Road
Moorebank NSW 2170"
10143,3000,Independent Living Specialists - Prospect (27 km),"Shop 1c/1 Rowood Road
Prospect NSW 2148"
10020,3000,Astley Mobility St. Marys (41 km),"Corner Mamre Rd & Great Western Highway
St Marys NSW 2760"
10126,3000,Independent Living Specialists - Campbelltown (43 km),"Shop 1C, 1 Tindall Street
Campbelltown NSW 2560"
10080,3000,Mobility Hire & Sales (44 km),"3 Blackwall Road
Woy Woy NSW 2256"
10141,3000,Independent Living Specialists - Penrith (48 km),"61-79 Henry Street
Penrith NSW 2750"
10133,3000,Independent Living Specialists - Erina (50 km),"15/30 Karalta Road
Erina NSW 2250"
10112,3000,Mobility Joy (64 km),"193A The Entrance Rd
THE ENTRANCE NSW 2261"
10187,3000,Mobility Hire & Sales - Tuggerah (65 km),"Unit 6, 1 Reliance Drive
TUGGERAH NSW 2259"
10152,3000,Independent Living Specialists - Wollongong (68 km),"12 Kenny St
WOLLONGONG NSW 2500"
WARRAWONG,3000,Country Care Group Warrawong (75 km),"Shop 1, 143 King Street
Warrawong NSW 2502"
